--ENUMERATION TYPES FIRST:
INSERT INTO weatherEnum(id, type)
VALUES
(1, 'Clear'),
(2, 'Stormy'),
(3, 'Foggy'), 
(4, 'Windy'),
(5, 'Cloudy'),
(6, 'Overcast'),
(7, 'Snowy'), 
(8, 'Rainy');

INSERT INTO position(id, crewRole)
VALUES
(1, 'Pilot'),
(2, 'Co-Pilot'),
(3, 'Navigator'), 
(4, 'Flight Attendant'); 

INSERT INTO incidentEnum(id, type)
VALUES
(1, 'Problem'),
(2, 'Concern'),
(3, 'Emergency'), 
(4, 'Recognition of Good Customer Service'); 
--END ENUMERATION

--BEGIN INSERTING INTO TABLES
INSERT INTO cityLocation(cityName, country)
VALUES 
('Los Angeles', 'United States of America'),
('Atlanta', 'United States of America'),
('San Francisco', 'United States of America'),
('Long Beach', 'United States of America'),
('Honolulu', 'United States of America'),
('Chicago', 'United States of America'),
('Madrid', 'Spain'),
('Paris', 'France'),
('Harmondsworth', 'United Kingdom'),
('Crawley', 'United Kingdom'),
('London', 'United Kingdom'),
('Tokyo', 'Japan'),
('Rome', 'Italy');

INSERT INTO airline(airlineName, hotlineNumber, headquarterCountry, headquarterCity)
VALUES
('Delta Airlines', '1-800-727-1111', 'United States of America', 'Atlanta'),
('United Airlines', '1-800-864-8331', 'United States of America', 'Chicago'),
('Japan Airlines', '4008-88-5301', 'Japan', 'Tokyo'),
('Hawaiian Airlines', '1-800-367-5320', 'United States of America', 'Honolulu'),
('British Airways', '1-800-247-9297', 'United Kingdom', 'Harmondsworth'),
('Iberia Airlines', '1-800-772-4642', 'Spain', 'Madrid'),
('Virgin Atlantic', '1-800 862 8621', 'United Kingdom', 'Crawley'),
('Air France', '1-800-667-2747', 'France', 'Paris');


INSERT INTO planes(tailNumber, accumulatedFlightTime, model, capacity, airline)
VALUES
--Hawaiian Airlines - 5
('HA654', 10243, 'ATR-42', 48, 'Hawaiian Airlines'),
('HA728', 45930, 'Boeing B717', 134, 'Hawaiian Airlines'),
('HA323', 50006, 'Airbus A330', 218, 'Hawaiian Airlines'),
('HA350', 42898, 'Airbus A330', 224, 'Hawaiian Airlines'),
('HA341', 43454, 'Airbus A330', 224, 'Hawaiian Airlines'),
--British Airways - 13
('G-BYGF', 48955, 'Boeing 777-300', 268, 'British Airways'),
('G-ALIL', 50058, 'Boeing 777-300', 268, 'British Airways'),
('G-FIEP', 33489, 'Boeing 777-300', 268, 'British Airways'),
('G-OIOL', 68445, 'Boeing 777-300', 299, 'British Airways'),
('G-EUUC', 25489, 'Boeing 777-300', 301, 'British Airways'),
('G-NDAI', 45958, 'Boeing 747-400', 330, 'British Airways'),
('G-OOPO', 24618, 'Boeing 747-400', 335, 'British Airways'),
('G-BRXT', 48975, 'Boeing 747-400', 345, 'British Airways'),
('G-DCEU', 34895, 'Boeing 747-400', 345, 'British Airways'),
('G-JOKC', 40889, 'Airbus A380-800', 457, 'British Airways'),
('G-BYGA', 20204, 'Airbus A380-800', 469, 'British Airways'),
('G-CILR', 48951, 'Embraer 170', 75, 'British Airways'),
('G-CIVC', 43228, 'Embraer 170', 76, 'British Airways'),
--Iberia Airlines - 8
('EC-RXC', 30456, 'Airbus A321 Neo', 213, 'Iberia Airlines'),
('EC-IXD', 20076, 'Airbus A321 Neo', 244, 'Iberia Airlines'),
('EC-ILR', 45615, 'Airbus A330-200', 288, 'Iberia Airlines'),
('EC-BCD', 54652, 'Airbus A330-200', 288, 'Iberia Airlines'),
('EC-ABE', 34589, 'Airbus A330-300', 288, 'Iberia Airlines'),
('EC-MNO', 32158, 'Airbus A330-300', 292, 'Iberia Airlines'),
('EC-IRL', 33486, 'Airbus A350-900', 341, 'Iberia Airlines'),
('EC-ORL', 34897, 'Airbus A350-900', 348, 'Iberia Airlines'),
--Japan Airlines - 6
('JA308D', 24768, 'Boeing 777-300ER', 139, 'Japan Airlines'),
('JA029A', 29685, 'Boeing 777-300ER', 141, 'Japan Airlines'),
('JA007D', 24768, 'Boeing 777-300ER', 147, 'Japan Airlines'),
('JA277P', 54589, 'Airbus A350-900', 228, 'Japan Airlines'),
('JA326M', 45865, 'Airbus A350-900', 259, 'Japan Airlines'),
('JA343J', 64588, 'Airbus A350-900', 263, 'Japan Airlines'),
--Air France - 13
('F-GSPB', 40421, 'Airbus A220-300', 149, 'Air France'),
('F-GIEL', 40421, 'Airbus A220-300', 149, 'Air France'),
('F-GKUK', 44572, 'Airbus A321-100', 200, 'Air France'),
('F-GOPE', 33548, 'Airbus A321-100', 212, 'Air France'),
('F-GIRL', 39848, 'Airbus A321-100', 212, 'Air France'),
('F-GYZY', 84572, 'Boeing 777-300ER', 296, 'Air France'),
('F-GXLK', 65482, 'Boeing 777-300ER', 381, 'Air France'),
('F-GLZU', 55988, 'Boeing 777-300ER', 468, 'Air France'),
('F-GABE', 59478, 'Boeing 777-300ER', 472, 'Air France'),
('F-GLLZ', 54788, 'Boeing 777-300ER', 472, 'Air France'),
('F-GAUK', 56898, 'Airbus A350-900', 322, 'Air France'),
('F-GSPI', 54895, 'Airbus A350-900', 324, 'Air France'),
('F-GIOP', 48977, 'Airbus A350-900', 324, 'Air France'),
--Virgin Atlantic - 12
('G-VKSS', 50000, 'Boeing 737', 188, 'Virgin Atlantic'),
('G-VKPO', 67484, 'Boeing 737', 188, 'Virgin Atlantic'),
('G-VKLI', 42145, 'Boeing 737', 188, 'Virgin Atlantic'),
('G-VIOP', 48945, 'Boeing 787', 248, 'Virgin Atlantic'),
('G-VAKJ', 24518, 'Boeing 787', 248, 'Virgin Atlantic'),
('G-VTFT', 22189, 'Boeing 787', 256, 'Virgin Atlantic'),
('G-VLEI', 29847, 'Boeing 787', 284, 'Virgin Atlantic'),
('G-VMOP', 31588, 'Boeing 787', 296, 'Virgin Atlantic'),
('G-VGAL', 32859, 'Boeing 787', 296, 'Virgin Atlantic'),
('G-VSEU', 32589, 'Airbus A330', 428, 'Virgin Atlantic'),
('G-VJKL', 29144, 'Airbus A330', 433, 'Virgin Atlantic'),
('G-VFAN', 30130, 'Airbus A330', 433, 'Virgin Atlantic'),
--United Airlines - 16
('B-1523', 22190, 'Boeing 737', 162, 'United Airlines'),
('B-2985', 20058, 'Boeing 737', 162, 'United Airlines'),
('B-4895', 16845, 'Boeing 737', 187, 'United Airlines'),
('B-4950', 19841, 'Boeing 737', 187, 'United Airlines'),
('B-7986', 64814, 'Boeing 757', 188, 'United Airlines'),
('B-9985', 58414, 'Boeing 757', 200, 'United Airlines'),
('B-1001', 56447, 'Boeing 757', 200, 'United Airlines'),
('B-1985', 49854, 'Boeing 787', 248, 'United Airlines'),
('B-1984', 41589, 'Boeing 787', 248, 'United Airlines'),
('B-1776', 51112, 'Boeing 787', 248, 'United Airlines'),
('B-1812', 54912, 'Boeing 787', 260, 'United Airlines'),
('B-2012', 54198, 'Boeing 787', 282, 'United Airlines'),
('B-2020', 53589, 'Boeing 787', 289, 'United Airlines'),
('B-1898', 56411, 'Boeing 787', 296, 'United Airlines'),
('B-1912', 54874, 'Boeing 787', 296, 'United Airlines'),
('B-1944', 51478, 'Boeing 787', 296, 'United Airlines'),
--Delta Airlines - 13
('N305DN', 55680, 'Airbus A350-900', 324, 'Delta Airlines'),
('N107DN', 51897, 'Airbus A350-900', 325, 'Delta Airlines'),
('N212DN', 62544, 'Airbus A350-900', 350, 'Delta Airlines'),
('N501DN', 58898, 'Airbus A350-900', 350, 'Delta Airlines'),
('N1200K', 21455, 'Boeing 767-400ER', 219, 'Delta Airlines'),
('N1208D', 35481, 'Boeing 767-400ER', 228, 'Delta Airlines'),
('N1209C', 41545, 'Boeing 767-400ER', 231, 'Delta Airlines'),
('N1201E', 34558, 'Boeing 767-400ER', 232, 'Delta Airlines'),
('N1206T', 33151, 'Boeing 767-400ER', 246, 'Delta Airlines'),
('N1203D', 26548, 'Boeing 767-400ER', 246, 'Delta Airlines'),
('N1201P', 26877, 'Boeing 767-400ER', 246, 'Delta Airlines'),
('N309DN', 71738, 'Airbus A220-100', 109, 'Delta Airlines'),
('N738DN', 72740, 'Airbus A220-100', 109, 'Delta Airlines');

INSERT INTO maintenance(date, cost, tailNumber)
VALUES
('2020-12-05', 28744, 'G-VKSS'),
('2020-12-03', 25482, 'HA323'),
('2020-07-2', 34865, 'B-1944'),
('2020-05-13', 29408, 'G-CIVC'),
('2020-02-26', 23542, 'G-VFAN'),
('2019-11-04', 28994, 'F-GSPB'),
('2019-06-20', 32584, 'N309DN'),
('2019-03-08', 28976, 'EC-ILR'),
('2018-12-21', 26489, 'N305DN'),
('2018-11-29', 30898, 'B-1523'),
('2018-10-31', 30900, 'JA343J');

INSERT INTO airport(airportName, FAAAbbreviation, airportCountry, airportCity)
VALUES
('Los Angeles International Airport', 'LAX', 'United States of America', 'Los Angeles'),
('O''Hare International Airport', 'ORD', 'United States of America', 'Chicago'),
('San Francisco Airport', 'SFO', 'United States of America', 'San Francisco'),
('Long Beach Airport', 'LGB', 'United States of America', 'Long Beach'),
('Daniel K. Inouye International Airport', 'HNL', 'United States of America', 'Honolulu'),
('Adolfo Suárez Madrid–Barajas Airport', 'MAD', 'Spain', 'Madrid'),
('Leonardo da Vinci–Fiumicino Airport', 'FCO', 'Italy', 'Rome'),
('London City Airport', 'LCY', 'United Kingdom', 'London'),
('Aéroport de Paris-Charles de Gaulle', 'CDG', 'France', 'Paris'),
('Haneda Airport', 'HND', 'Japan', 'Tokyo');

INSERT INTO flightSchedule(estimatedDepartureTime, estimatedArrivalTime, FSID, departureAirport, arrivalAirport, airline)
VALUES
--1:00 to 3:00
('1:00', '12:30', 1001, 'LAX', 'CDG', 'Air France'),
('1:00', '19:00', 1002, 'LAX', 'MAD', 'British Airways'),
--3:00 to 6:00
('4:45', '16:00', 2001, 'LAX', 'CDG', 'Air France'),
('5:00', '18:50', 2002, 'ORD', 'HNL', 'United Airlines'),
('5:30', '17:50', 2003, 'ORD', 'MAD', 'British Airways'),
('5:30', '4:45', 2004, 'SFO', 'MAD', 'Iberia Airlines'),
('5:30', '12:50', 2005, 'SFO', 'LCY', 'Virgin Atlantic'),
('5:35', '9:45', 2006, 'FCO', 'LCY', 'British Airways'),
--6:00 to 9:00
('6:00', '17:25', 3001, 'LAX', 'CDG', 'Air France'),
('6:00', '18:30', 3002, 'LAX', 'CDG', 'United Airlines'),
('6:00', '12:00', 3003, 'LAX', 'HNL', 'Delta Airlines'),
('6:00', '5:50', 3004, 'LAX', 'FCO', 'Virgin Atlantic'),
('6:00', '10:15', 3005, 'ORD', 'LAX', 'United Airlines'),
('6:00', '11:00', 3006, 'ORD', 'LAX', 'Delta Airlines'),
('6:00', '20:25', 3007, 'ORD', 'HNL', 'United Airlines'),
('6:00', '19:20', 3008, 'ORD', 'FCO', 'Delta Airlines'),
('6:00', '17:05', 3009, 'ORD', 'LCY', 'Delta Airlines'),
('6:00', '17:10', 3010, 'ORD', 'LCY', 'British Airways'),
('6:00', '7:30', 3011, 'SFO', 'LAX', 'United Airlines'),
('6:15', '7:40', 3012, 'SFO', 'LAX', 'Delta Airlines'),
('6:15', '17:40', 3013, 'MAD', 'HND', 'British Airways'),
('6:15', '19:00', 3014, 'HND', 'LAX', 'Japan Airlines'),
('6:15', '15:35', 3015, 'HND', 'HNL', 'Japan Airlines'),
('6:30', '7:45', 3016, 'LAX', 'SFO', 'Delta Airlines'),
('6:30', '14:15', 3017, 'LAX', 'HNL', 'Hawaiian Airlines'),
('6:30', '1:05', 3018, 'SFO', 'LCY', 'Virgin Atlantic'),
('6:30', '11:20', 3019, 'SFO', 'HNL', 'United Airlines'),
('6:35', '14:35', 3020, 'HNL', 'LAX', 'Hawaiian Airlines'),
('6:35', '9:40', 3021, 'MAD', 'LCY', 'Iberia Airlines'),
('6:35', '10:00', 3022, 'MAD', 'LCY', 'British Airways'),
('7:00', '6:55', 3023, 'LCY', 'HND', 'Japan Airlines'),
('7:00', '6:55', 3024, 'HND', 'LCY', 'Japan Airlines'),
('7:00', '3:25', 3025, 'HND', 'MAD', 'Japan Airlines'),
('7:30', '18:00', 3026, 'LAX', 'CDG', 'Air France'),
('7:30', '19:45', 3027, 'HNL', 'CDG', 'Air France'),
('7:30', '13:00', 3028, 'LGB', 'SFO', 'Delta Airlines'),
('8:00', '9:15', 3029, 'LAX', 'SFO', 'United Airlines'),
('8:00', '1:45', 3030, 'LAX', 'LCY', 'British Airways'),
('8:00', '12:00', 3031, 'SFO', 'LGB', 'Delta Airlines'),
('8:00', '14:00', 3032, 'LGB', 'HNL', 'Hawaiian Airlines'),
('8:00', '15:05', 3033, 'LGB', 'HNL', 'Delta Airlines'),
--9:00 to 12:00
('9:05', '1:00', 4001, 'LAX', 'MAD', 'British Airways'),
('9:05', '3:30', 4002, 'LAX', 'MAD', 'Delta Airlines'),
('9:15', '13:05', 4006, 'ORD', 'LAX', 'Delta Airlines'),
('9:30', '13:45', 4007, 'ORD', 'LAX', 'Delta Airlines'),
('9:30', '13:50', 4008, 'ORD', 'SFO', 'United Airlines'),
('9:30', '23:30', 4009, 'ORD', 'HNL', 'United Airlines'),
('9:30', '14:45', 4010, 'SFO', 'HNL', 'United Airlines'),
('9:45', '15:00', 4011, 'HNL', 'LGB', 'Delta Airlines'),
('9:45', '15:30', 4012, 'FCO', 'LCY', 'British Airways'),
('9:45', '9:30', 4013, 'LCY', 'HNL', 'British Airways'),
('10:30', '22:00', 4014, 'LAX', 'CDG', 'Air France'),
('10:30', '22:45', 4015, 'LAX', 'CDG', 'United Airlines'),
('10:30', '15:30', 4016, 'HNL', 'SFO', 'Delta Airlines'),
('10:30', '15:55', 4017, 'HNL', 'SFO', 'United Airlines'),
('10:45', '17:05', 4018, 'MAD', 'LCY', 'British Airways'),
('11:05', '10:45', 4019, 'FCO', 'LAX', 'Delta Airlines'),
('11:05', '9:00', 4020, 'FCO', 'LAX', 'British Airways'),
('11:05', '5:30', 4021, 'LCY', 'SFO', 'British Airways'),
('11:10', '5:55', 4022, 'LCY', 'SFO', 'Virgin Atlantic'),
('11:45', '4:30', 4023, 'LCY', 'LAX', 'British Airways'),
('11:45', '16:20', 4024, 'CDG', 'LCY', 'Air France'),
('12:00', '1:55', 4025, 'LAX', 'HND', 'Japan Airlines'),
('12:00', '3:25', 4026, 'LAX', 'LCY', 'Virgin Atlantic'),
('12:00', '1:30', 4027, 'HND', 'LAX', 'Delta Airlines'),
--12:00-15:00
('13:00', '1:30', 5001, 'LAX', 'CDG', 'Virgin Atlantic'),
('13:00', '1:00', 5002, 'LAX', 'CDG', 'Virgin Atlantic'),
('13:00', '6:45', 5003, 'ORD', 'MAD', 'British Airways'),
('13:00', '1:25', 5004, 'ORD', 'HNL', 'United Airlines'),
('13:30', '1:15', 5005, 'ORD', 'LCY', 'British Airways'),
('13:30', '18:00', 5006, 'LGB', 'SFO', 'Delta Airlines'),
('13:30', '22:00', 5007, 'HNL', 'SFO', 'Delta Airlines'),
('13:40', '18:25', 5008, 'LGB', 'SFO', 'Delta Airlines'),
('13:40', '16:50', 5009, 'SFO', 'LGB', 'Delta Airlines'),
('14:10', '22:45', 5010, 'SFO', 'HNL', 'Delta Airlines'),
('14:10', '14:00', 5011, 'HNL', 'MAD', 'Delta Airlines'),
('14:40', '14:30', 5012, 'HNL', 'MAD', 'Iberia Airlines'),
('14:40', '20:10', 5013, 'MAD', 'CDG', 'Air France'),
('14:50', '19:35', 5014, 'LCY', 'MAD', 'British Airways'),
('14:50', '20:05', 5015, 'CDG', 'LCY', 'Air France'),
--15:00 to 18:00
('15:00', '3:00', 6001, 'LAX', 'CDG', 'Air France'),
('15:00', '4:45', 6002, 'LAX', 'CDG', 'Air France'),
('15:30', '20:00', 6003, 'ORD', 'LAX', 'United Airlines'),
('15:30', '20:50', 6004, 'ORD', 'LGB', 'Delta Airlines'),
('15:30', '21:00', 6005, 'LGB', 'ORD', 'Delta Airlines'),
('15:30', '3:35', 6006, 'HNL', 'ORD', 'United Airlines'),
('17:00', '5:15', 6007, 'MAD', 'ORD', 'Delta Airlines'),
('17:00', '8:15', 6008, 'FCO', 'ORD', 'Delta Airlines'),
('17:00', '14:45', 6009, 'HND', 'FCO', 'British Airways'),
('17:00', '9:35', 6010, 'MAD', 'HND', 'British Airways'),
('17:15', '4:40', 6011, 'ORD', 'HNL', 'United Airlines'),
('17:15', '6:35', 6012, 'ORD', 'HND', 'Japan Airlines'),
('17:45', '10:00', 6013, 'MAD', 'HND', 'Japan Airlines'),
('17:45', '24:00', 6014, 'MAD', 'LCY', 'Iberia Airlines'),
('17:45', '22:30', 6015, 'FCO', 'LCY', 'British Airways'),
('17:45', '12:35', 6016, 'FCO', 'HND', 'British Airways'),
('17:45', '17:35', 6017, 'HND', 'LCY', 'Japan Airlines'),
('17:45', '10:30', 6018, 'HND', 'MAD', 'Japan Airlines'),
--18:00 to 21:00
('18:20', '5:00', 7001, 'LAX', 'CDG', 'Air France'),
('18:20', '7:40', 7002, 'LAX', 'CDG', 'Virgin Atlantic'),
('18:20', '7:00', 7003, 'ORD', 'HNL', 'United Airlines'),
('18:25', '6:30', 7004, 'ORD', 'LCY', 'Delta Airlines'),
('18:25', '1:30', 7005, 'LGB', 'ORD', 'Delta Airlines'),
('18:25', '4:20', 7006, 'HND', 'ORD', 'Japan Airlines'),
('19:10', '23:05', 7007, 'LAX', 'ORD', 'United Airlines'),
('19:10', '19:00', 7008, 'HNL', 'LCY', 'British Airways'),
('19:15', '23:40', 7009, 'FCO', 'LCY', 'British Airways'),
('19:15', '19:00', 7010, 'HND', 'LCY', 'Japan Airlines'),
('19:15', '5:00', 7011, 'HND', 'ORD', 'Japan Airlines'),
('19:15', '7:45', 7012, 'LCY', 'ORD', 'Delta Airlines'),
('19:35', '4:50', 7013, 'LAX', 'CDG', 'Air France'),
('19:35', '7:50', 7014, 'LAX', 'HND', 'Japan Airlines'),
('19:35', '3:35', 7015, 'ORD', 'CDG', 'Air France'),
('19:50', '4:00', 7016, 'ORD', 'CDG', 'Virgin Atlantic'),
('19:50', '4:30', 7017, 'CDG', 'ORD', 'Delta Airlines'),
('19:50', '19:00', 7018, 'LCY', 'HND', 'Japan Airlines'),
--21:00 to 24:00
('21:20', '10:25', 8001, 'CDG', 'LAX', 'United Airlines'),
('21:20', '11:00', 8002, 'CDG', 'LAX', 'Delta Airlines'),
('21:30', '15:00', 8003, 'CDG', 'SFO', 'United Airlines'),
('21:30', '8:30', 8004, 'ORD', 'HNL', 'United Airlines'),
('21:30', '8:45', 8005, 'ORD', 'LCY', 'British Airways'),
('21:30', '2:15', 8006, 'SFO', 'ORD', 'Delta Airlines'),
('21:30', '2:20', 8007, 'SFO', 'ORD', 'United Airlines'),
('21:30', '5:40', 8008, 'SFO', 'HNL', 'Delta Airlines'),
('22:35', '16:15', 8009, 'SFO', 'LCY', 'Virgin Atlantic'),
('22:35', '16:30', 8010, 'SFO', 'LCY', 'British Airways'),
('22:35', '4:40', 8011, 'LGB', 'HNL', 'Hawaiian Airlines'),
('22:45', '5:00', 8012, 'LGB', 'HNL', 'Hawaiian Airlines'),
('22:45', '3:30', 8013, 'LGB', 'SFO', 'Delta Airlines'),
('22:55', '3:45', 8014, 'LGB', 'SFO', 'Delta Airlines'),
('23:30', '6:30', 8015, 'MAD', 'LCY', 'Iberia Airlines'),
('24:00', '3:30', 8016, 'FCO', 'MAD', 'Iberia Airlines'),
('24:00', '4:05', 8017, 'LCY', 'CDG', 'British Airways'),
('24:00', '13:25', 8018, 'HND', 'CDG', 'Japan Airlines');

INSERT INTO flightInstance(date, singleFlightTime, actualArrivalTime, actualDepartureTime, weatherType, FIID, FSID, tailNumber)
VALUES
--1:00 to 3:00
('2020-12-05', 12, '13:09', '1:02', 1, 10001, 1001, 'F-GSPB'),
('2020-12-08', 14, '15:32', '1:08', 3, 10002, 1001, 'F-GYZY'),
('2020-12-09', 19, '18:54', '23:57', 3, 10003, 1002, 'G-FIEP'),
--3:00 to 6:00
('2020-12-10', 12, '16:55', '4:46', 3, 10004, 2001, 'F-GSPB'),
('2020-12-11', 13, '18:02', '5:30', 4, 10005, 2003, 'G-ALIL'),
('2020-12-12', 8, '13:03', '5:27', 4, 10006, 2005, 'G-VKSS'),
--6:00 to 9:00
('2020-10-02', 11, '17:12', '6:03', 5, 10007, 3001, 'F-GABE'),
('2020-09-29', 5, '11:01', '6:09', 7, 10008, 3005, 'B-4950'),
('2020-09-28', 11, '17:22', '5:58', 1, 10009, 3010, 'G-NDAI'),
--9:00 to 12:00
('2020-09-25', 16, '1:03', '9:32', 6, 10010, 4001, 'G-JOKC'),
('2020-08-22', 4, '14:48', '10:02', 2, 10011, 4010, 'B-4950'),
('2020-08-2', 22, '9:04', '11:04',  3, 10012, 4020, 'G-CIVC'),
--12:00-15:00
('2020-07-16', 11, '1:32', '12:58', 4, 10013, 5001, 'G-VJKL'),
('2020-07-08', 9, '23:01', '14:06', 5, 10014, 5010, 'N309DN'),
('2020-03-30', 24, '14:59', '14:43', 5, 10015, 5012, 'EC-ORL'),
--15:00 to 18:00
('2019-12-23', 17, '8:01', '15:03', 7, 10016, 6001, 'F-GSPI'),
('2019-09-17', 12, '5:21', '17:00', 2, 10017, 6007, 'N1201E'),
('2019-05-31', 24, '17:43', '17:38', 5, 10018, 6017, 'JA308D'),
--18:00 to 21:00
('2019-05-28', 11, '5:03', '18:46', 2, 10019, 7001, 'F-GIRL'),
('2019-05-14', 10, '4:20', '18:33', 3, 10020, 7006, 'JA277P'),
('2019-03-18', 24, '20:03', '19:58', 4, 10021, 7008, 'G-CIVC'),
--21:00 to 24:00
('2019-01-14', 13, '10:26', '21:36', 1, 10022, 8001, 'B-1898'),
('2018-12-24', 6, '4:46', '22:22', 6, 10023, 8011, 'HA341'),
('2018-11-25', 6, '5:03', '22:39', 2, 10024, 8011, 'HA341'),
--FUTURE FLIGHT 
('2020-12-13', 19, '18:54', '23:57',1, 10025, 8017, 'G-ALIL'),
('2020-12-23', 5, '11:37', '5:48',1 , 10026, 3003, 'N305DN'),
('2020-12-23', 8, '21:59', '13:31',1 , 10027,5007, 'N107DN');


INSERT INTO weatherReport(FIID, reportType, value)
VALUES
--1:00 to 3:00
(10001, 1, 0),
(10002, 3, 6),
(10003, 3, 1),
--3:00 to 6:00
(10004, 3, 4),
(10005, 4, 2),
(10006, 4, 3),
--6:00 to 9:00
(10007, 5, 7),
(10008, 7, 3),
(10009, 1, 0),
--9:00 to 12:00
(10010, 6, 4),
(10011, 2, 7),
(10012, 3, 3),
--12:00-15:00
(10013, 4, 2),
(10014, 5, 3),
(10015, 5, 1),
--15:00 to 18:00
(10016, 7, 5),
(10017, 2, 2),
(10018, 5, 7),
--18:00 to 21:00
(10019, 2, 3),
(10020, 3, 9),
(10021, 4, 1),
--21:00 to 24:00
(10022, 1, 0),
(10023, 6, 6),
(10024, 2, 4),
--FUTURE
(10025,1,0),
(10026,1,0),
(10027,1,0);

INSERT INTO crewMate(FAANumber, crewRole, name, birthday, emailAddress)
VALUES
--Pilots
(51001, 1, 'Robert Robinson','1987-02-21','Robert_Robinson2001@gmail.com'),
(51002, 1, 'Hawkins Patterson','1981-01-11','Hawkins_Patterson1194@gmail.com'),
(51003, 1, 'Philip A. Chandler','1981-04-20', 'A.Chandler001@gmail.com'),
(51004, 1, 'Kevin Long','1982-11-18', 'KevinHLong@gmail.com'),
(51005, 1, 'Tina R. Ramos','1979-03-24', 'TinaRRamos@gmail.com'),
(51006, 1, 'Donna M. Osborne','1986-11-18', 'DonnaMOsborne6671@gmail.com'),
(51007, 1, 'Sandra C. Barhorst','1984-03-4', 'SandraCBarhorst51@gmail.com'),
(51008, 1, 'Ellen D. Staggs','1981-08-05', 'EllenDStaggs12@gmail.com'),
(51009, 1, 'Edward Razo','1981-02-14', 'EdwardBRazo@gmail.com'),
(51010, 1, 'Zane Alcantara','1984-03-4', 'ZaneSAlcantara@gmail.com'),
(51011, 1, 'Zukashishifu','1977-03-13', 'Zukashishifu@gmail.com'),
(51012, 1, 'Tage Henriksson','1988-12-01', 'TageHenriksson@gmail.com'),
(51013, 1, 'Lukas Holmgren','1988-12-10', 'LukasHolmgren'),
(51014, 1, 'Josefin Magnusson','1983-08-25', 'JosefinMagnusson@gmail.com'),
--Co Pilots
(32001, 2, 'Ruth T. Johnson','1988-07-7', 'RuthTJohnson52@gmail.com'),
(32002, 2,'Marina Hou','1981-07-18', 'MarinaHou02@gmail.com'),
(32003, 2, 'Mariana Hoshi Sawyer','1981-07-18', 'ramon09@lemke.com'),
(32004, 2, 'Aisha Moscisk','1981-07-18', 'MarinaHou02@gmail.com'),
(32005, 2, 'William R. Baron','1988-3-4', 'WilliamRBaron512@gmail.com'),
(32006, 2, 'David Brady','1981-07-18', 'DavidSBrady512@gmail.com'),
(32007, 2, 'Tony A. Elders','1989-11-06', 'TonyAElders325@gmail.com'),
(32008, 2, 'Oskar Dahl','1981-10-07', 'OskarDahl@gmail.com'),
(32009, 2, 'Jolan Alitović','1977-07-03', 'JolanAlitovic@gmail.com'),
(32010, 2, 'Hồ Trong Nha','1975-07-07', 'HoTrongNha@gmail.com'),
(32011, 2, 'Muhittin Beekhof','1990-06-16', 'MuhittinBeekhof@gmail.com'),
(32012, 2, 'Fülöp Szabolcs','1990-08-29', 'FulopSzabolcs@gmail.com'),
(32013, 2, 'Teruyuki Takano','1983-04-18', 'TeruyukiTakano@gmail.com'),
(32014, 2, 'Yue You Liao' ,'1983-07-24', 'YueYouLiao@gmail.com'),
--Navigator
(23001, 3, 'Travis E. Anderson','1981-07-18', 'TravisEAnderson@gmail.com'),
(23002, 3, 'Minnie J. Martinez','1981-11-11', 'MinnieJMartinez4@gmail.com'),
(23003, 3, 'Donna M. Williams','1979-06-03', 'DonnaMWilliams523@gmail.com'),
(23004, 3, 'Joseph M. Thompson','1981-08-08', 'JosephMThompson451@gmail.com'),
(23005, 3, 'Bradley E. Green','1978-12-17', 'BradleyEGreen@gmail.com'),
(23006, 3, 'Benjamin K. McVey','1978-06-17', 'BenjaminKMcVey@gmail.com'),
(23007, 3, 'Pam T. Dabney','1980-05-16', 'PamTDabney@gmail.com'),
(23008, 3, 'Takako Ikarashi','1984-01-16', 'TakakoIkarashi@gmail.com'),
(23009, 3, 'Chen Yü','1976-02-23', 'ChenYu@gmail.com'),
(23010, 3, 'Cheryl L. Pineda','1985-02-17', 'CherylLPineda@gmail.com'),
(23011, 3, 'Anthony Barnes','1987-03-15', 'AnthonyJBarnes@gmail.com'),
(23012, 3, 'Beverly T. Sanders','1986-05-17', 'BeverlyTSanders@gmail.com'),
(23013, 3, 'Rene McCarty','1991-07-01', 'ReneMMcCarty@gmail.com'),
(23014, 3, 'Paige Skipper','1990-11-21', 'PaigeSkipper@gmail.com'),
--Flight Attendants
(91501, 4, 'Margaret R. Johnson','1982-07-16', 'MargaretRJohnson@gmail.com'),
(91502, 4, 'Monty C. Hug','1986-11-17', 'MontyCHug@gmail.com'),
(91503, 4, 'Hazel T. Chau','1987-10-22', 'HazelTChau@gmail.com'),
(91504, 4, 'Mary G. Coffman','1992-05-16', 'MaryGCoffman@gmail.com'),
(91505, 4, 'Margaret H. Greenberg','1981-03-16', 'MargaretHGreenberg@gmail.com'),
(91506, 4, 'Theodore E. Johnson','1989-09-16', 'TheodoreEJohnson@gmail.com'),
(91507, 4, 'Shirley S. Sheetz','1994-09-19', 'ShirleySSheetz@gmail.com'),
(91508, 4, 'Ruth J. Layton','1991-03-21', 'RuthJLayton@gmail.com'),
(91509, 4, 'David K. Bernstein','1989-08-09', 'DavidKBernstein@gmail.com'),
(91510, 4, 'Manuela Castro Correia','1986-04-12', 'ManuelaCastroCorreia@gmail.com'),
(91511, 4, 'Camilla Hinton','1981-03-08', 'CamillaGHinton@gmail.com'),
(91512, 4, 'Hubert Huggins','1984-07-11', 'PHubertMHuggins@gmail.com'),
(91513, 4, 'Joslyn R. Ballesteros','1988-08-19', 'JoslynRBallesteros@gmail.com'),
(91514, 4, 'Billie J. Gaffney','1990-01-11', 'BillieJGaffney@gmail.com'),
(91515, 4, 'Aisha D. Robinson','1982-03-30', 'AishaDRobinson@gmail.com'),
(91516, 4, 'Rachel M. Martinez','1985-02-27', 'RachelMMartinez@gmail.com'),
(91517, 4, 'Darlene T. Nelson','1988-04-12', 'DarleneTNelson@gmail.com'),
(91518, 4, 'Jessica D. Fellman','1987-01-13', 'JessicaDFellman@gmail.com'),
(91519, 4, 'Virginia M. Kelly','1986-04-01', 'VirginiaMKelly@gmail.com'),
(91520, 4, 'James M. Roloff','1980-01-01', 'JamesMRoloff@gmail.com'),
(91521, 4, 'Chung Trung','1986-05-22', 'trungletranmanh810@gmail.com'),
(91522, 4, 'Votchi Truca','1987-10-01', 'vothichictruca508@gmail.com'),
(91523, 4, 'Yuuzou Okuta','1989-12-31', 'YuuzouOkuta@gmail.com'),
(91524, 4, 'Genki Tsuda','1987-01-13', 'GenkiTsuda@gmail.com'),
(91525, 4, 'Jin Tan','1990-01-15', 'JinTan@gmail.com'),
(91526, 4, 'Logan Torr''an','1989-05-09', 'LoganTorr@gmail.com'),
(91527, 4, 'Grace Bisdee','1978-09-20', 'GraceBisdee@gmail.com'),
(91528, 4, 'Evie Duesbury','1985-07-29', 'EvieDuesbury@gmail.com'),
(91529, 4, 'Luiza Cunha Ribeiro','1991-01-14', 'LuizaCunhaRibeiro@gmail.com'),
(91530, 4, 'Tran Minh Sung','1989-01-11', 'TranMinhSung@gmail.com'),
(91531, 4, 'Lam Thi Toin','1980-10-08', 'LamThiToin@gmail.com'),
(91532, 4, 'Ton Thi Gam Giau','1983-08-18', 'TonThiGamGiau@gmail.com'),
(91533, 4, 'Casildo Rosas Arenas','1986-05-14', 'CasildoRosasArenas@gmail.com'),
(91534, 4, 'Nambi Paez Sierra','1985-10-13', 'NambiPaezSierra@gmail.com'),
(91535, 4, 'Peggy Williams','1988-01-28', 'PeggyBWilliams@gmail.com'),
(91536, 4, 'Danette Taveras','1978-02-19', 'DanetteFTaveras@gmail.com'),
(91537, 4, 'Delilah R. Horst','1988-12-05', 'DelilahRHorst@gmail.com'),
(91538, 4, 'Alfred Virgil','1981-11-12', 'AlfredSVirgil@gmail.com'),
(91539, 4, 'Ronald McSwain','1991-10-01', 'RonaldBMcSwain@gmail.com'),
(91540, 4, 'Betty J. Cook','1987-05-17', 'BettyJCook@gmail.com'),
(91541, 4, 'Xiu Juan Yuan','1984-10-17', 'XiuJuanYuan@gmail.com'),
(91542, 4, 'Guo Yao','1978-01-04', 'GuoYao@gmail.com'),
(91543, 4, 'Lahab Ata Toma','1977-11-21', 'LahabAtaToma@gmail.com'),
(91544, 4, 'Yafiah Shakirah Mustafa','1978-02-20', 'YafiahShakirahMustafa@gmail.com'),
(91545, 4, 'Nashwan Zakariyya Wasem','1980-04-11', 'NashwanZakariyyaWasem@gmail.com'),
(91546, 4, 'Jumaana Suraa Ghanem','1997-01-31', 'JumaanaSuraaGhanem@gmail.com'),
(91547, 4, 'Rebekka Karlsen','1990-08-15', 'RebekkaKarlsen@gmail.com'),
(91548, 4, 'Khidri Messesh','1986-08-05', 'KhidriMessesh@gmail.com'),
(91549, 4, 'Lowell Laverriere','1981-05-21', 'LowellSLaverriere@gmail.com'),
(91550, 4, 'Wallace Miller','1986-12-26', 'WallaceSMiller@gmail.com');


INSERT INTO crewAssignment(FAANumber, FIID)
VALUES
--10001
(51001,10001),
(32001,10001),
(23001,10001),
(91501,10001),
(91502,10001),
(91503,10001),
(91504,10001),
(91505,10001),
--10002
(51002,10002),
(32002,10002),
(23002,10002),
(91506,10002),
(91507,10002),
(91508,10002),
(91509,10002),
(91510,10002),
--10003
(51002,10003),
(32002,10003),
(23003,10003),
(91511,10003),
(91512,10003),
(91513,10003),
(91514,10003),
(91515,10003),
--10004
(51014,10004),
(32013,10004),
(23012,10004),
(91501,10004),
(91508,10004),
(91519,10004),
(91523,10004),
(91549,10004),
--10005
(51010,10005),
(32009,10005),
(23008,10005),
(91504,10005),
(91506,10005),
(91535,10005),
(91539,10005),
(91548,10005),
--10006
(51001,10006),
(32001,10006),
(23001,10006),
(91501,10006),
(91502,10006),
(91503,10006),
(91504,10006),
(91505,10006),
--10007
(51007,10007),
(32007,10007),
(23006,10007),
(91506,10007),
(91502,10007),
(91513,10007),
(91524,10007),
(91535,10007),
--10008
(51008,10008),
(32011,10008),
(23010,10008),
(91508,10008),
(91511,10008),
(91515,10008),
(91520,10008),
(91528,10008),
--10009
(51011,10009),
(32010,10009),
(23001,10009),
(91506,10009),
(91517,10009),
(91528,10009),
(91539,10009),
(91550,10009),
--10010
(51009,10010),
(32007,10010),
(23010,10010),
(91508,10010),
(91511,10010),
(91515,10010),
(91529,10010),
(91535,10010),
--10011
(51003,10011),
(32003,10011),
(23003,10011),
(91503,10011),
(91513,10011),
(91523,10011),
(91533,10011),
(91546,10011),
--10012
(51004,10012),
(32004,10012),
(23004,10012),
(91504,10012),
(91514,10012),
(91524,10012),
(91534,10012),
(91544,10012),
--10013
(51005,10013),
(32005,10013),
(23005,10013),
(91505,10013),
(91515,10013),
(91525,10013),
(91535,10013),
(91545,10013),
--10014
(51006,10014),
(32006,10014),
(23006,10014),
(91516,10014),
(91526,10014),
(91536,10014),
(91546,10014),
(91547,10014),
--10015
(51007,10015),
(32007,10015),
(23007,10015),
(91507,10015),
(91517,10015),
(91528,10015),
(91537,10015),
(91549,10015),
--10016
(51008,10016),
(32008,10016),
(23008,10016),
(91508,10016),
(91518,10016),
(91528,10016),
(91538,10016),
(91548,10016),
--10017
(51009,10017),
(32009,10017),
(23009,10017),
(91509,10017),
(91519,10017),
(91529,10017),
(91539,10017),
(91549,10017),
--10018
(51012,10018),
(32011,10018),
(23013,10018),
(91506,10018),
(91509,10018),
(91518,10018),
(91540,10018),
(91543,10018),
--10019
(51010,10019),
(32013,10019),
(23012,10019),
(91507,10019),
(91508,10019),
(91509,10019),
(91510,10019),
(91511,10019),
--10020
(51006,10020),
(32007,10020),
(23009,10020),
(91521,10020),
(91522,10020),
(91523,10020),
(91524,10020),
(91525,10020),
--10021
(51009,10021),
(32008,10021),
(23001,10021),
(91503,10021),
(91523,10021),
(91533,10021),
(91538,10021),
(91539,10021),
--10022
(51003,10022),
(32014,10022),
(23011,10022),
(91510,10022),
(91518,10022),
(91526,10022),
(91536,10022),
(91546,10022),
--10023
(51005,10023),
(32012,10023),
(23010,10023),
(91519,10023),
(91527,10023),
(91536,10023),
(91545,10023),
(91549,10023),
--10024
(51008,10024),
(32009,10024),
(23003,10024),
(91514,10024),
(91525,10024),
(91536,10024),
(91537,10024),
(91548,10024),
--10025
(51011,10025),
(32011,10025),
(23011,10025),
(91515,10025),
(91526,10025),
(91537,10025),
(91538,10025),
(91549,10025),
--10026
(51013,10026),
(32013,10026),
(23013,10026),
(91508,10026),
(91514,10026),
(91539,10026),
(91542,10026),
(91546,10026),
--10027
(51013,10027),
(32013,10027),
(23013,10027),
(91508,10027),
(91514,10027),
(91539,10027),
(91542,10027),
(91546,10027);

INSERT INTO incidentReport(description, incidentType, reportingCrewMate, involvedCrewMate, crewFlightInstance, FIID)
VALUES
('The A/C is so low that customers feel cold.', 1, 91510, 91508, 10002, 10002),
('The attandent need to have a better rest.', 2, 23010, 91511, 10008, 10008),
('Fuel is not enough. Need to alternate.', 3, 91511, 51009, 10010, 10010),
('Customers feel very comfortable during the flight.', 4, 91509, 32011, 10018, 10018);

INSERT INTO healthTest(date, testScore, description, FAANumber)
VALUES
('2019-05-06', 52, 'Failed, License should be suspended until further inspection and improvement in overall health.', 23001),
('2019-02-16', 95, 'Passed with Great Health. No Danger in sight', 23002),
('2019-02-20', 90, 'Passed with Good Health. No immediate danger found in bloodstream, need to have more protein in your diet', 23003),
('2019-04-03', 80, 'Passed with health that is capable to take off. However, there is a great danger in failing the next test if not taken care properly', 23004),
('2019-05-10', 88, 'Passed with Good Health. There is some vitamin d deficiency found. The patient is suggested to go outside more often.', 23005),
('2019-06-16', 98, 'Passed with Great Health. No Danger in sight.', 32001),
('2019-07-16', 84, 'Passed with Great Health. No immediate Attention is required for now.', 32002),
('2019-08-16', 97, 'Passed with Great Health. No Danger in sight', 32003),
('2019-11-16', 91, 'Passed with Great Health. Diet required a little attention', 32004),
('2020-01-18', 93, 'Passed with Great Health. Sleep should be added', 51011),
('2020-03-16', 92, 'Passed with Good Health. No Immediate worry, but diet should be change.', 51012),
('2020-05-16', 81, 'Passed with decent health. Changes should be made to your everyday diet, and More vitamins and minerals in need ,', 51013),
('2020-07-16', 89, 'Passed with Good Health. Good health, but still required some improvement to reach the best health possible.', 91507),
('2020-08-16', 84, 'Passed with Great Health. No Danger in sight', 91508),
('2020-11-16', 100, 'Passed with Great Health. No danger found in bloodstream', 91501);



INSERT INTO international(FSID)
VALUES
(2001),
(2003),
(2005),
(3001),
(3010),
(4001),
(4010),
(4020),
(5001),
(5012),
(6001),
(6007),
(6017),
(7001),
(7006),
(7008),
(8001),
(8017);

INSERT INTO other(isOfferAmenity, departureState, arrivalState, FSID)
VALUES
(FALSE,'California','Hawaii',3003),
(TRUE,'Illinois','California',3005),
(TRUE,'California','Hawaii',4010),
(TRUE,'Hawaii','California',5007),
(TRUE,'California','Hawaii',5010),
(TRUE,'Hawaii','Illinois',7006),
(FALSE,'California','Hawaii',8011);


INSERT INTO amenity(amenityName, price)
VALUES
('Coffee', 3.99),
('Coke', 2.00),
('Lays', 3.00),
('Milk', 3.50),
('Sunchips', 3.50),
('Water', 3.50);

INSERT INTO storage(unitsInStock, amenityName, FSID)
VALUES
(10, 'Coffee', 8011),
(10, 'Coke', 8011),
(5, 'Lays', 8011),
(8, 'Milk', 8011),
(2, 'Sunchips', 8011),
(20, 'Water', 8011),
(5, 'Coffee', 5010),
(3, 'Coke', 5010),
(8, 'Lays', 5010),
(10, 'Milk', 5010),
(10, 'Sunchips', 5010),
(25, 'Water', 5010),
(0, 'Coffee', 1001),
(0, 'Coke', 1001),
(15, 'Lays', 1001),
(5, 'Milk', 1001),
(5, 'Sunchips', 1001),
(17, 'Water', 1001),
(5, 'Coffee', 3005),
(8, 'Coke', 3005),
(12, 'Lays', 3005),
(10, 'Milk', 3005),
(7, 'Sunchips', 3005),
(15, 'Water', 3005);